N°;text_fr;intent;text_wo;trans.
1;consulter le solde de mon compte;BALANCE;Seet sama tolluwaayu kont.;[seːt sama tolːuwaːyu kont]
2;je souhaiterais connaitre mes comptes merci beaucoup;BALANCE;Dama bëggoona xam fi sama kont tollu. Jarajëf.;[dama bëgːoːna xam fi sama kont tolːu. jaraɟëf]
3;Bonjour je vous appelle pour savoir quel était le montant du solde sur mon compte courant;BALANCE;Salaammalekum. Dama woote ngir xam ñaata moo des ci samay kont.;[salamːalekum. dama woːte ngir xam ñaːta moː des ci samay kont]
4;je veux savoir le solde de mon compte;BALANCE;Dama bëgga xam sama tolluwaayu kont.;[dama bëgːa xam sama tolːuwaːyu kont]
5;J'aimerais avoir plus d'informations sur le solde de mon compte en banque;BALANCE;Bëggoon naa am xibaar yu gêna yaatu ci tolluwaayu sama kontu bànk.;[bëgːoːn naː am xibaːr yu gëna yaːtu ci tolːuwaːyu sama kont bànk]
6;je veux connaitre le solde de mon compte;BALANCE;Bëgg naa xam tolluwaayu sama kont.;[bëgː naː xam tolːwaːyu sama kont]
7;Bonjour je vous appelle pour vous demander quel est le solde actuel de mon compte bancaire s'il vous plaît;BALANCE;Ngéen baal ma, dama woote ngir laaj ñaata moo nekk ci sma kont fi ñu tollu.;[ngeːn baːl ma, dama woːte ngir laːj ñaːta moː nekː ci sama kont fi ñu tolːu]
8;oui bonjour j'aurais besoin d'un petit renseignement est-ce que vous pouvez m'indiquer le solde de mon compte;BALANCE;Waaw, salaamaaleekum. Ab tektal bu ndaw laa soxlawoon. Ndax mën ngéen maa wax fi sama kont tollu ?;[waːw, salaːmaːleːkum. ab tektal bu ndaw laː soxlawoːn. ndax mën ngeːn maː wax fi sama kont tolːu ?]
9;quel est le solde de mon compte;BALANCE;Sama kont nu mu tollu ?;[sama kont nu mu tolːu ?]
10;Bonjour je voudrais savoir quel est mon solde sur mon compte courant;BALANCE;Salaamaalekum, dama bëggoona xam sama tolluwaayu kont  ;[salaːmaːlekum, dama bëgːoːna xam sama tolːwaːyu kont]
11;quel est le solde de mon compte courant;BALANCE;Sama kont nu mu tollu ?;[sama kont nu mu tolːu]
12;je souhaiterais voir le solde de mon compte;BALANCE;Dama bëgoona gis tolluwaayu sama kont.;[dama bëgːoːna gis tolːuwaːyu sama kont]
13;je veux connaitre le solde de mon compte;BALANCE;Dama bëgga xam tolluwaayu sama kont;[dama bëgːa xam tolːuwaːyu sama kont]
14;appelle pour avoir des renseignements par rapport au solde de mon compte de mon compte courant;BALANCE;Wooteel ngir am ay tektal yu jëm ci tolluwaayu sa kont.;[woːteːl ngir am ay tektal yu jëm ci tolːuwaːyu sa kont]
15;expliquez-moi s'il vous plaît le solde de mon compte;BALANCE;Ngéen baal ma te leeralal ma sama tolluwaayu kont.;[ngeːn baːl ma te leːralal ma sama tolːuwaːyu kont]
16;oui allo bonjour j'aimerais connaitre le solde de mon compte courant s'il vous plait merci;BALANCE;Waaw, aloo! Dama bëggoona xam sama tolluwaayu kont.;[waːw, aloː! dama bëgːoːna xam sama tolːuwaːyu kont]
17;combien d'argent reste-t-il sur mon compte;BALANCE;Ñaata ci xaalis moo des ci sama kont ?;[ñaːta ci xaːlis moː des ci sama kont ?]
18;bonjour j'aimerais obtenir le solde de mon compte;BALANCE;Salaamaalekum dama bëggoona am tolluwaayu sama kont;[salaːmaːlekum dama bëgːoːna am tolːuwaːyu sama kont]
19;allo bonjour oui je vous appelle pour obtenir mon solde du compte courant merci;BALANCE;Aloo! Salaamaalekum, waaw damay woote ngir am tolluwaayu sama kont. Jarajëf.;[aloː! salaːmaːlekum, waːw damay woːte ngir am tolːuwaːyu sama kont. jarajëf]
20;connaitre solde du compte courant;BALANCE;Xam tolluwaayu kont. ;[xam tolːuwaːyu kont]
21;comment savoir combien il y a de sous sur le compte s'il vous plait;BALANCE;Naka lañuy xame ñaata ciy koppar moo nekkk ci kont bi ?;[naka lañuy xame ñaːta ciy kopːar moː nekː ci kont?]
22;Bonjour j'ai un compte chez vous et je voulais savoir si vous pouvez me montrer le solde sur mon compte courant merci;BALANCE;Salaamaaleekum, dama am ab kont ci yéen, te bêggoona xam ndax mên ngéen maa won tolluwaayam ciy koppar.;[salaːmaːlekum, dama am ab kont ci yeːn, te bëgːoːna xam ndax mën ngeːn maː won tolːuwaːyam ciy kopːar]
23;Bonjour j'aimerais savoir quels sont les restaurants sur mon compte l'argent qui est disponible pour mes futurs d'achat merci;BALANCE;Salaamaaleekum, dama  bêggoona  xam yan restoraa ñoo nekk ci sama kont, ak koppar yi ma ci mêna ame lu may bëgga jënd. Jarajêf. ;[salaːmaːlekum, dama bëgːoːna xam yan restoraː ñoː nekː ci sama kont, ak kopːar yi ma ci mëna ame lu my bëgːa jënd. jarajëf]
24;consulter le solde de mon compte;BALANCE;Seet tolluwaaayu sama kont.;[seːt tolːuwaːyu sama kont]
25;affiche le solde de mon compte courant;BALANCE;woneel tolluwaayu sama kont. ;[woneːl tolːuwaːyu sama kont]
26;solde de mon compte bancaire;BALANCE;Tolluwaayu sama kontu bànk ;[tolːuwaːyu sama kont bànk]
27;bonjour Est-ce que vous pouvez me montrer le solde de mon compte s'il vous plait;BALANCE;Salaamaalekum ngéen baal ma, ndax mën ngéen ma won tolluwaayu sama kont ?;[salaːmaːlekum ngeːn baːl ma, ndax mën ngeːn ma won tolːuwaːyu sama kont ?]
28;je voudrais savoir combien de solde sur mon compte courant;BALANCE;Dama bêggoona xam ñaata moo des ci sama kont.  ;[dama bëgːoːna xam ñaːta moː des ci sama kont]
29;quelle somme me reste-t-il sur mon compte en banque;BALANCE;Ñaata ci xaalis moo des ci sama kontu bànk ? ;[ñaːta ci xaːlis moː des ci sama kontu bànk ?]
30;Bonjour j'aimerais savoir combien j'ai d'argent sur mon compte;BALANCE;Salaamaalekum, dama bëggoona xam ñaata ci xaalis laa am ci sama kont ?;[salaːmaːlekum, dama bëgːoːna xam ñaːta ci xaːlis laː am ci sama kont ?]
31;Bonjour Je veux savoir comment je pourrais voir le solde de mon compte sur mon espace client;BALANCE;Salaamaalekum, dama bëggoona  xam naka laa mëna gisee li des ci sama kont ci sama wàllu bopp ?;[salaːmaːlekum, dama bëgːoːna xam naka laː mëna giseː li des ci sama kont ci sama wàlːu bopː ?]
32;montre-moi l'argent sur mon compte;BALANCE;Wonléen ma xaalis bi ci sama kont.;[wonleːn ma xaːlis bi ci sama kont]
33;montre-moi le solde de mon compte;BALANCE;Wonléen ma li des ci sama kont.;[wonleːn ma li des ci sama kont]
34;quel est le solde de mon compte;BALANCE;Lu des ci sama kont ?;[lu des ci sama kont ?]
35;pourriez-vous me renseigner sur le solde de mon compte;BALANCE;Ndax mën ngéen ma leeral ci sama tolluwaayu kont ?;[ndax mën ngeːn ma leːral ci sama tolːuwaːyu kont ?]
36;bonjour oui je vous appelle pour connaitre le solde de mon compte courant s'il vous plait merci;BALANCE;Salaamaalekum, waaw. Ngéen baal ma, maa leen woo ngir xam tolluwaayu sama kont.    Jarajëf.;[salaːmaːlekum, waːw. ngeːn baːl ma, maː leːn woː ngir xam tolːuwaːyu sama kont. jarajëf]
37;Bonjour je vous appelle car j'aimerais connaitre le solde de mon compte courant merci;BALANCE;Salaamaaleekum, dama woote ngir xam sama tolluwwayu kont. Jarajêf.;[salaːmaːlekum, dama woːte ngir xam sama tolːuwaːyu kont. jarajëf]
38;quel est le solde de mon compte;BALANCE;Lan mooy sama tolluwaayu kont ?;[lan moːy sama tolːuwaːyu kont ?]
39;je voudrais connaitre le solde de mon compte courant;BALANCE;Dama bëggoona xam tolluwaayu sama kont.  ;[dama bëgːoːna xam tolːuwaːu sama kont]
40;Bonjour j'aimerais bien savoir le solde de mon compte;BALANCE;Salaamaalekum, bëggoon naa xam tolluwaayu sama kont. ;[salaːmaːlekum, bëgːoːn naː xam tolːuwaːyu sama kont]
41;bonjour je vais déposer de l'argent sur mon compte comment est-ce que je peux faire s'il vous plait;CASH_DEPOSIT;Salaamaalekum damay dugal xaalis ci sama kont. Naka laa ko mêna defe ?;[salaːmaːlekum damay dugal xaːlis ci sama kont. Naka laː ko mëna defe?]
42;je souhaiterais déposer de l'argent sur mon compte bancaire;CASH_DEPOSIT;Dama bëgga dugal xaalis ci sama kontu bànk.;[dama bëgːa dugal xaːlis ci sama kontu bànk]
43;comment transférer de l'argent sur mon compte;CASH_DEPOSIT;Naka laay toxale xaalis ci sama kont ?;[naka laːy toxale xaːlis ci sama kont ?]
44;je voudrais déposer de l'argent sur mon compte;CASH_DEPOSIT;Dama bëggoona dugal xaalis ci sama kont.;[dama bëgːoːna dugal xaːlis ci sama kont]
45;je veux transférer de l'argent sur mon compte;CASH_DEPOSIT;Dama bëgga toxal xaalis ci sama kont.;[dama bëgːa toxal xaːlis ci sama kont]
46;Bonjour je vous contacte pour déposer de l'argent sur mon compte;CASH_DEPOSIT;Salaamaalekum, maa léen woo ngir dugal xaalis ci sama kont.;[salaːmaːlekum, maː leːn woː ngir dugal xaːlis ci sama kont]
47;Bonjour J'aimerais déposer de l'argent sur mon compte bancaire;CASH_DEPOSIT;Salaamaalekum, dama bëggoona dugal xaalis ci sama kontu bànk;[salaːmaːlekum, dama bëgːoːna dugal xaːlis ic sama kontu bànk]
48;comment faire pour déposer de l'argent;CASH_DEPOSIT;Naka laay def ngir dugal xaalis ?;[naka laːy def ngir dugal xaːlis ?]
49;Bonjour pourrais-je savoir comment je peux transférer de l'argent sur mon compte;CASH_DEPOSIT;Salaamaalekum. ndax mën naa xam naka laay toxale xaalis ci sama kont?;[salaːmaːlekum. ndax mën naː xam naka laːy toxale xaːlis ci sama kont ?]
50;où est-ce que je peux déposer de l'argent;CASH_DEPOSIT;Fan laa mëna dugale xaalis ?;[fan laː mëna dugale xaːlis ?]
51;je souhaiterais déposer de l'argent sur mon compte;CASH_DEPOSIT;Dama bëggoona dugal xaalis ci sama kont;[dama bëgːoːna dugal xaːlis ci sama kont]
52;comment puis-je déposer de l'argent sur mon compte ?;CASH_DEPOSIT;Naka laa mëna dugale xaalis ci sama kont ?;[naka laː mëna dugale xaːlis ci sama kont ?]
53;Bonjour je souhaite déposer une grosse somme d'argent en cash sur mon compte courant veuillez m'indiquer la meilleure manière de procéder.;CASH_DEPOSIT;Salaamaalekum. Dama bëgga dugal xaalis bu takku, xoobet-xoobet, ci sama kont. … Ndax mën ngéen maa tektal nima koy defe ci anam bi gën ?;[salaːmaːlekum. dama bëgːa dugal xaːlis bu takːu, xoːbet-xoːbet, ci sama kont… ndax mën ngeːn maː tektal nima koy defe ci anam bi gën ?] 
54;Bonjour je souhaiterais déposer de l'argent sur mon compte.;CASH_DEPOSIT;Salaamaalekum, Dama bëggoona dugal xaalis ci sama kont;[salaːmaːlekum, dama bëgːoːna dugal xaːlis ci sama kont]
55;Bonjour J'aurais souhaité déposer une somme d'argent sur le compte et je ne sais pas comment procéder pouvez-vous m'expliquer s'il vous plaît ?;CASH_DEPOSIT;Salaamaalekum, dama bëggoona dugal xaalis ci kont bi te xamuma naka laay def. Ndax mën ngéen ma koo tektal ?;[salaːmaːlekum, dama bëgːoːna dugal xaːlis ci kont bi te xamuma naka laːy def. ndax mën ngeːn ma koː tektal ?]
56;puis-je déposer de l'argent ?;CASH_DEPOSIT;Ndax mën naa dugal xaalis ?;[ndax mën naː dugal xaːlis ?]
57;où est la banque pour déposer de l'argent ?;CASH_DEPOSIT;Ana bànk bi ñuy dugale xaalis ?;[ana bànk bi ñuy dugale xaːlis ?]
58;je souhaiterais déposer mon argent est-ce que je peux savoir comment le déposer ? Merci.;CASH_DEPOSIT;Dama bëggoona dugal sama xaalis. Ndax mên naa xam naka laa koy dugale ? jarajëf.;[dama bëgːoːna dugal sama xaːlis. ndax mën naː xam naka laː koy dugale ?]
59;Bonjour Je souhaiterais savoir la procédure pour déposer de l'argent sur mon compte en banque et comment transférer de l'argent directement dessus ? Merci.;CASH_DEPOSIT;Salaamaalekum. Dama bëggoona  xam naka laay dugale xaalis ci sama kontu bànk ak naka laay toxale xaalis ci yoon wu jub..;[salaːmaːlekum. dama bëgːoːna xam naka laːy dugale xaːlis ci sama kontu bànk ak naka laːy toxale xaːlis ci yoːn wu jub…]
60;Bonjour j'aimerais savoir comment je peux déposer de l'argent sur mon compte en banque.;CASH_DEPOSIT;Salaamaalekum. bëgg naa xam naka laay dugale xaalis ci sama kontu bànk.;[salaːmaːlekum. bëgː naː xam naka laːy dugale xaːlis ci sama kontu bànk]
61;comment puis-je déposer de l'argent sur mon compte ?;CASH_DEPOSIT;Naka laa mëna dugale xaalis ci sama kont ?;[naka laː mëna dugale xaːlis ci sama kont ?]
62;bonjour comment puis-je déposer de l'argent sur mon compte.;CASH_DEPOSIT;Salaamaalekum. Naka laay def ba dugal xaalis ci sama kont ?;[salaːmaːlekum. naka laːy def ba dugal xaːlis ci sama kont ?]
63;Bonjour Je souhaiterais savoir comment transférer de l'argent sur mon compte.;CASH_DEPOSIT;Salaamaalekum. Dama bëgga xam naka laay toxale xaalis ci sama kont.;[salaːmaːlekum. dama bëgːa xam naka laːy toxale xaːlis ci sama kont]
64;comment transférer de l'argent ?;CASH_DEPOSIT;Naka lañuy toxale xaalis ?;[naka lañuy toxale xaːlis ?]
65;oui bonjour pourriez-vous m'indiquer comment je peux transférer ?;CASH_DEPOSIT;Waaw. Salaamaalekum, ndax mën ngéen maa tektal naka lañuy toxale xaalis ?;[waːw. Salaːmaːlekum, ndax mën ngeːn maː tektal naka lañuy toxale xaːlis ?]
66;comment est-ce que je peux déposer de l'argent sur mon compte en banque virtuellement ou physiquement ?;CASH_DEPOSIT;Naka la mëna dugale xaalis ci sama kontu bànk ci yonnee ko mbaa ma teew ?;[naka la mëna dugale xaːlis ci sama kontu bank ci yonːeː ko mbaː ma teːw ?]
67;allo bonjour oui madame je vous appelle pour savoir comment je peux déposer de l'espèce sur mon compte ? Merci.;CASH_DEPOSIT;Aloo ! salaamaalekum. Waaw, soxna si, dama la woo ngir xam naka laay dugale xaalis bu teew ci sama kont ? jarajëf;[aloː ! salaːmaːlekum. waːw, soxna si dama la woː ngir xam naka laːy dugale xaːlis bu teːw ci sama kont ? jarajëf]
68;Bonjour je vous appelle pour mon compte en banque j'aimerais pouvoir transférer une somme de 1000 fr sur mon compte pouvez-vous m'aider ?;CASH_DEPOSIT;Salaamaalekum. Dama leen woo ngir sama kontu bànk. Dama bëgga toxal lu mat ñaari téeméer ci sama kont. Ndax mën ngéen ma cee dimbali ?;[salaːmaːlekum. dama leːn woː ngir sama kontu bank. dama bëgːa toxal lu mat ñaːri teːmeːr ci sama kont. ndax mën ngeːn ma ceː dimbali ?]
69;puis-je passer de l'argent sur mon compte ?;CASH_DEPOSIT;Ndax mën naa jàllale xaalis ci sama kont ?;[ndax mën naː jalːale xaːlis ci sama kont ?]
70;je souhaiterais savoir comment déposer de l'argent sur mon compte faut-il venir en agence ?;CASH_DEPOSIT;Dama bëggoona xam naka laay dugale xaalis ci sama kont ? Ndax dama wara teew ci bërëb bi ?;[dama bëgːoːna xam naka laːy dugale xaːlis ci sama kont ? ndax dama wara teːw ci bërëb bi ?]
71;j'aimerais déposer de l'argent sur mon compte.;CASH_DEPOSIT;Dama bëggoona dugal xaalis ci sama kont;[dama bëgːoːna dugal xaːlis ci sama kont]
72;j'aimerais bloquer ma carte immédiatement car j'ai vu qu'il y avait des transactions frauduleuses;FREEZE;Dama bëgga tënk sama kàrt cisaasi ndax seetlunaa ni na ni amna ay wuruj yu ñu ciy doxal.;[dama bëgːa tënk sama kart ci saːsi ndax seːtlunaː ni amna ay wuruj yu ñu ciy doxal]
73;je souhaiterais bloquer ma carte;FREEZE;Dama bëgga tënk sama kart;[dama bëgːa tënk sama kart]
74;blocage de ma carte;FREEZE;Tënk sama kàrt.;[tënk sama kart]
75;je vous appelle car j'ai un problème avec ma carte je crois qu'elle a été piratée j'aimerais que vous bloquiez tous les paiements merci beaucoup;FREEZE;Dama  woote ndax dama am ay jafe-jafe ci sama kàrt. Dama jort ni dañu ko suxlu. Ma bëggoon ngéen gàntal lépp lu ciy jêle xaalis. Jaangéen-jêf.;[dama woːte ndax dama am ay jafe-jafe ci sama kart. dama njort ni dañu ko suxlu. ma bëgːoːn ngeːn gantal lepː lu ciy jël xaːlis. jaːngeːn-jëf]
76;je souhaiterais bloquer ma carte;FREEZE;Dama bëgga tënk sama kàrt.;[dama bëgːa tënk sama kart]
77;pouvez-vous geler ma carte s'il vous plait;FREEZE;Ndax mën ngéena ajandi sama kart ?;[ndax mën ngeːna ajandi sama kart]
78;bloquer ma carte;FREEZE;Tënk sama kàrt.;[tënk sama kart]
79;bloquer ma carte bancaire;FREEZE;Tënk sama kartu bànk.;[tënk sama kartu bank]
80;oui bonjour suite à la perte de ma carte bancaire j'aurais aimé que vous bloquiez ma carte s'il vous plait merci;FREEZE;Waaw, salaamaaleekum. Sama kartu bànk dafa réer, ma bëggoon ngéen tënkal ma ko. Jarajëf.;[waːw, salaːmaːlekum. sama kartu bànk dafa reːr, ma bëgːoːn ngeːn tënkal ma ko. jarajëf]
81;j'aimerais bloquer la carte temporairement;FREEZE;Dama bëggoona tënk kart bi ba ab diir.;[dama bëgːoːna tënk kart bi ba ab diːr]
82;arrêtez toutes les transactions sur ma carte;FREEZE;Dakkal leen bépp jëflante ci sama kàrt.;[dakːal leːn bepː jëflante ci sama kart]
83;veuillez bloquer ma carte;FREEZE;Tënk léen sama kàrt;[tënk leːn sama kart]
84;je veux bloquer ma carte bancaire;FREEZE;Dama bëgga tënk sama kàrtu bank.;[dama bëgːa tënk sama kartu bànk]
85;Bonjour J'ai besoin de bloquer ma carte s'il vous plait;FREEZE;Salaamaalekum. Dama bëgg ngéen tënk sama kart.;[salaːmaːlekum. dama bëgː ngeːn tënk sama kart]
86;bonjour j'aimerais pouvoir complètement bloquer ma carte s'il vous plait;FREEZE;Salaamaalekum.  Dama bëgg ñu tëj ràpp sama kàrt.;[salaːmaːlekum. dama bëgː ñu tëj rapː sama kart]
87;Bonjour je vous appelle car j'ai une demande urgente j'ai perdu ma carte et j'aimerais que vous la bloquiez s'il vous plait merci;FREEZE;Salaamaalekum. Ngéen baal ma, dama woote ndax am soxla bu jàmp. Sama kàrt moo réer te ma bëggoon ngeen tënk ko.Jarajëf.;[salaːmaːlekum. ngeːn baːl ma, dama woːte ndax am soxla bu jamp. Sama kart moː reːr te ma bëgːoːn ngeːn tënk ko. jarajëf]
88;Bonjour je vous appelle à propos de ma carte de crédit j'aimerais la bloquer;FREEZE;Na ngéen def ? Dama woote ngiri lu jëm ci sama kàrtu koppar. Dama ko bëggoona tënk. ;[na ngeːn def ? dama woːte ngir lu jëm ci sama kartu kopːar. dama ko bëgːoːna tënk]
89;serait-il possible de bloquer ma carte;FREEZE;Ndax mënees naa tënk sama kart?;[ndax mëneːs naː tënk sama kart?]
90;avoir plus d'information de comment bloquer ma carte;FREEZE;Am yeneen tektal ci may tënke sama kart.;[am yeneːn tektal ci nimay tënke sama kart]
91;on m'a volé ma carte je souhaiterais bloquer toutes les transactions;FREEZE;Dañoo sàcc sama kàrt, ma bëggoona dakkal lépp lu ñ.u ciy jëflante;[dañoː sàcː sama kart, ma bëgːoːna dakːal lepː lu ñu ciy jëflante]
92;j'ai perdu ma carte bancaire je souhaiterais faire opposition et là bloquer afin de bloquer tout paiement;FREEZE;Dama réeral sama kàrtu bànk, ma bëggoon nu tënk ko ba kenn du ci mëna feyoo dara.  ;[dama reːral sama kartu bànk, ma bëgːoːn nu tënk ko ba kenː du ci mëna feyoː dara]
93;je souhaite bloquer ma carte;FREEZE;Dama bëgga tënk sama kàrt.;[dama bëgːa tënk sama kart]
94;je veux faire bloquer ma carte de crédit;FREEZE;Dama bëgga tënklu sama kàrtu bank.;[dama bëgːa tënklu sama kartu bànk]
95;j'ai besoin de vous bloquer ma carte;FREEZE;Dama soxla ngéen tënk sama kart.;[dama soxla ngeːn tënk sama kart]
96;montre-moi mes dernières transactions;LATEST_TRANSACTIONS;Won ma jëflante yi mujja am ci sama kart.;[won ma jëflante yi mujːa am ci sama kart]
97;je veux consulter mes dernières transactions;LATEST_TRANSACTIONS;Dama bëgga gis samay jëflante yu mujj yi.;[dama bëgːa gis samay jëflante yu mujː yi]
98;je voudrais les dernières transactions de ma carte;LATEST_TRANSACTIONS;Jëflante yu mujj yi ci sama kart la soxla .;[jëflante yu mujː yi ci sama kart la soxla]
99;je souhaite consulter mes dernières opérations;LATEST_TRANSACTIONS;Dama bëgga gis sama jëflante yu mujj yi.;[dama bëgːa gis sama jëflante yu mujː yi]
100;j'appelle à propos de mes dernières transactions;LATEST_TRANSACTIONS;Dama woote ngir lu jëm ci samay jëflante yu mujj yi.;[dama woːte ngir lu jëm ci samay jëflante yu mujː yi]
101;bonjour je voulais regarder mes derniers paiements. Est-ce que c'est possible d'avoir mes transactions récentes;LATEST_TRANSACTIONS;Salaamaalekum dama bëggoona xool li ma mujja fey. Ndax mën naa xam sama jëflante yu mujj yi?;[salaːmaːlekum dama bëgːoːna xoːl li ma mujːa fey, ndax mën naː xam sama jëflante yu mujː yi ?]
102;quelles sont les dernières transactions;LATEST_TRANSACTIONS;Yan ñooy jëflante yu mujj yi ?;[yan ñoːy jëflante yu mujː yi ?]
103;j'aimerais obtenir la liste des dernières transactions effectuées sur mon compte;LATEST_TRANSACTIONS; Dama bëggoona am limu jëflante yi mujje ci sama kont.;[dama bëgːoːna am limu jëflante yi mujːe ci sama kont]
104;montre-moi mes dernières transactions;LATEST_TRANSACTIONS;Won ma samay jëflante yu mujj.;[won ma samay jëflante yu mujː]
105;pouvez-vous me donner mes dernières transactions;LATEST_TRANSACTIONS;Ndax mën ngeen maa jox sama jëflante yu mujj ?;[ndax mën ngeːn maː jox sama jëflante yu mujː ?]
106;j'ai besoin de voir les derniers paiements;LATEST_TRANSACTIONS;Soxla naa gis  peyoor yu mujj yi.;[soxla naː gis peyoːr yu mujː yi]
107;bonjour Est-ce que vous pouvez me montrer mes dernières transactions il y a un paiement que je ne reconnais pas;LATEST_TRANSACTIONS;Salaamalekum. Ndax mën ngéen ma won samay jëflante yu mujj yi ? Dafa am benn peyoor bu ma ràññeewul.;[salaːmaːlekum. ndax mën ngeːn ma won samay jëflante yu mujː? dafa am benː peyoːr bu ma ràñːwul]
108;all√¥ oui bonjour j'aimerais avoir quelques renseignements concernant différents versements qui ont eu lieu récemment sur mon compte;LATEST_TRANSACTIONS;Aloo! Waaw, na ngéen def? Dama soxlawoon ay tektal yu jëm ci yenni dugali koppar yu am ci sama kont bu yàggul.;[aloː! waːw, na ngeːn def? dama soxlawoːn ay tektal yu jëm ci yenːi dugali kopːar yu am ci sama kont bu yaːgul]
109;je souhaiterais voir mes transactions récentes;LATEST_TRANSACTIONS;Dama bëgga gis sama jëflante yu yees yi.;[dama bëgːa gis sama jëflante yu yeːs yi]
110;Bonjour J'aimerais regarder mes transactions récentes s'il vous plait;LATEST_TRANSACTIONS;Salaamaalekum dama bëgga xool sama jëflante yu yees yi.;[salaːmaːlekum dama bëgːa xoːl sama jëflante yu yeːs yi]
111;oui je souhaiterais avoir accès à l'historique de mes dernières transactions sur la semaine dernière voilà merci;LATEST_TRANSACTIONS;Waaw, dama bëggoon ñu faram-fàcceel ma jëflante yi ma mujja am ci ayubés bi weesu. ;[waːw, dama bëgːoːn ñu faram-fàcːeːl ma jëflante yi ma mujːa am ci ayubes bi weːsu]
112;oui bonjour pouvez-vous me donner le montant de ma dernière transaction s'il vous plait;LATEST_TRANSACTIONS;Waaw, salaamaaleekum. Ndax mën ngéen ma jox limu sama jëflante bu mujj bi ? ;[waːw, salaːmaːlekum. ndax mën ngeːn ma jox limu sama jëflante bu mujː bi?]
113;Bonjour je souhaiterais visualiser les dix dernières transactions qui ont eu lieu sur mon compte;LATEST_TRANSACTIONS;Salaamaalekum . Dama bëggoona xool fukki jëflante yu mujj am ci sama kont.;[salaːmaːlekum. dama bëgːoːna xoːl fukːi jëflante yu mujː am ci sama kont]
114;j'aurais besoin de voir mes dernières transactions;LATEST_TRANSACTIONS;Dama ittewoo xool samay jëflante yu mujj.;[dama itːewo xoːl samay jëflante yu mujː]
115;je voudrais voir mes dernières transactions et paiement;LATEST_TRANSACTIONS;Dama bëggoona gis samay jëflante ak peyoor yu mujj yi.;[dama bëgːoːna gis samay jëflante ak peyoːr yu mujː yi]
116;je veux voir mes dernières transactions;LATEST_TRANSACTIONS;Dama bëgga gis sama jëflante yi mujj;[dama bëgːa gis sama jëflante yi mujː]
117;quelles sont mes dernières transactions;LATEST_TRANSACTIONS;Yan ñooy samay jëflante yu mujj?;[yan ñoːy samay jëflante yu mujː]
118;bonjour alors j'aimerais bien revoir un peu le résumé de mes transactions restants;LATEST_TRANSACTIONS;Salaamaalekum. Dama bëggoona xoolaat tuuti ci lu gàtt samay jëflante yi des.;[salaːmaːlekum. dama bëgːoːna xoːlaːt tuːti ci lu gatː samay jëflante yi des]
119;pourrais-tu m'afficher mes dernières transactions s'il te plait;LATEST_TRANSACTIONS;Nga baal ma. Ndax mën nga ma won samay jëflante yi mujj ?;[nga baːl ma. ndax mën nga ma won samay jëflante yi mujː ?]
120;Bonjour J'ai un problème car il y a sur mon relevé de compte un paiement que je ne reconnais pas pourriez-vous m'indiquer mes dernières transactions s'il vous plait;LATEST_TRANSACTIONS;Salaamaalekum. Dama am ab jafe-jafe ndax dafa am ci sama jukkiteb kont benn peyoor bu ma ràññeewul.  Ndax mën ngéen ma tektal samay jëflante yu mujj yi ?;[salaːmaːlekum. dama am ab jafe-jafe ndax dafa am ci sama jukːiteb kont benː peyoːr bu ma ràñːewul. ndax mën ngeːn ma tektal samay jëflante yu mujː yi]
121;non monsieur je vous appelle parce que j'aimerais faire une recherche sur mes transactions récents il y a une de mes dernières transactions que je ne reconnais pas je voudrais regarder exactement ce que c'est merci beaucoup;LATEST_TRANSACTIONS;Déedeed Sëñ bi, Dama woote ndax dama bëgga gëstu ci samay jëflante yu mujj yi. Dafa ci am benn bu ma ràññeewul.;[deːdeːt sëñ bi, dama woːte ndax dama bëgːa gëstu ci samay jëflante yu mujː yi. dafa ci am benː bu ma ràñːeːwul]
122;j'appelle pour pouvoir avoir un aperçu de mes transactions récentes sur mon compte bancaire et voir si il y a des paiements que je connais ou que je ne connais pas ;LATEST_TRANSACTIONS;Dama woote ngir mën am gis-gis ci sama jëflante yi yees ci sama kontu bànk, ak seet ndax amna ay peyoor yu ma xam walla ràññeewuma leen.;[dama woːte ngir mën am gis-gis ci sama jëflante yi yeːs ci sama kontu bànk, ak seːt ndax amna ay peyoːr yu ma xam walːa ràñːeːwuma leːn]
123;j'aimerais voir les transactions les plus récentes;LATEST_TRANSACTIONS;Dama bëggoona gis sama jëflantle yi gëna yees;[dama bëgːoːna gis sama jëflante yi gëna yeːs]
124;puis-je voir mes dernières transactions;LATEST_TRANSACTIONS;Ndax mën naa gis sama jëflante yu mujj yi?;[ndax mën naː gis sama jëflante yu mujː yi?
125;je voudrais payer une facture;PAY_BILL;Dama bëgga fey ab faktiir.;[dama bëgːa fey ab faktiːr]
126;payer une facture;PAY_BILL;Fey ab faktiir.;[fey ab faktiːr]
127;Bonjour je souhaiterais payer une facture s'il vous plait;PAY_BILL;Salaamaalekum. Dama bëggoona fey ab këyit.  ;[salaːmaːlekum. dama bëgːoːna fey ab këyit]
128;je dois effectuer un paiement;PAY_BILL;Dama am lu ma wara fey.   ;[dama am lu ma wara fey]
129;je voudrais payer une facture;PAY_BILL;Dama bëggoona fey ab faktiir. ;[dama bëgːoːna fey ab faktiːr]
130;je souhaite payer une facture;PAY_BILL;Dama bëgga fey ab faktiir.;[dama bëgːa fey ab faktiːr]
131;Bonjour je t'appelle parce que j'aurais besoin de payer ma facture SDE;PAY_BILL;Salaamaalekum. Dama woote ndax dama soxlawoona fey sama faktiiru SDE.  ;[salaːmaːlekum. dama woːte ndax dama soxlawoːna fey sama faktiːru SDE]
132;je souhaiterais payer une facture;PAY_BILL;Dama bëgga fey ab faktiir;[dama bëgːa fey ab faktiːr]
133;Bonjour Je dois payer une facture;PAY_BILL;Salaamaalekum. Dama wara fey ab faktiir.;[salaːmaːlekum. dama wara fey ab faktiːr]
134;payer une facture;PAY_BILL;Fey ab faktiir.;[fey ab faktiːr]
135;j'ai une facture à payer;PAY_BILL;Dama am ab faktiir bu ma wara fey.;[dama am ab faktiːr bu ma wara fey]
136;bonjour je viens de recevoir une facture et j'aimerais la payer comment procéder ?;PAY_BILL;Salaamaalekum. Dama jot ab faktiir te bëggoon koo fay. Naka laa koy defe?;[salaːmaːlekum. dama jot ab faktiːr te bëgːoːn koː fey. naka laː koy defe ?]
137;je dois payer une facture;PAY_BILL;Dafa am ab faktiir bu ma wara fey. ;[dafa am ab faktiːr bu ma wara fey]
138;je souhaiterais payer ma facture s'il vous plaît;PAY_BILL;Dama bëggoona fey sama faktiir.  ;[dama bëgːoːna fey sama faktiːr]
139;ma facture de courant;PAY_BILL;Sama faktiiru kuuraa.;[sama faktiːru kuːraː]
140;je dois payer une facture aujourd'hui;PAY_BILL;Tay war naa fey faktyr;[tay war naː fey faktiːr]
141;oui bonjour oui je vais faire un paiement;PAY_BILL;"Waaw, na ngeen def? waaw; dafa am lu may fey.";[waːw, na ngeːn def? waːw, dafa am lu may fey]
142;j'aimerais payer une facture;PAY_BILL;Dama bëggoona fey benn faktiir.;[dama bëgːoːna fey benː faktiːr]
143;Bonjour j'ai une facture à payer et j'aimerais savoir comment procéder;PAY_BILL;Salaamaalekum. Dama am faktiir bu ma wara fey, ma bëggoona xam naka laay def.;[salaːmalekum. dama am faktiːr buma wara fey, ma bëgːoːna xam naka laːy def]
144;Bonjour je vous contacte pour payer facture;PAY_BILL;Salaamaalekum. Dama léen woo ngir fey ab faktiir.;[salaːmalekum. dama leːn woː ngir fey ab faktiːr]
145;paiement facture;PAY_BILL;Fey ab faktiir.;[fey ab faktiːr]
146;Bonjour je vous appelle quand je souhaite régler une facture pour juste ce mois-ci au revoir;PAY_BILL;Salaamaalekum. Dinaa léen woo buma bëggee fey faktiir ci weer wii.  Ba beneen .;[salaːmaːlekum. dinaː leːn woː buma bëgːeː fey faktiːr ci weːr wiː. ba beneːn]
147;bonjour j'aimerais payer une facture;PAY_BILL;Salaamaalekum. Dama bëggoona fey ab faktiir.;[salaːmaːlekum. dama bëgːoːna fey ab faktiːr]
148;je veux payer une facture;PAY_BILL;Dama bëgga fey ab faktiir;[dama bëgːa fey ab faktiːr]
149;oui bonjour je souhaiterais payer une facture est-ce que vous pouvez m'indiquer la méthode à utiliser;PAY_BILL;Waaw, na ngéen def ? Dama bëggoona fey ab faktiir. Ndax mën ngéen maa wax ci ban anam laa koy defe ?;[waːw, na ngeːn def? dama bëgːoːna fey ab faktiːr. ndax mën ngeːn maː wax ci ban anam laː koy defe?]
150;Bonjour une facture s'il vous plaît;PAY_BILL;Salaamaalekum, ab faktiir laay laaj.;[salaːmaːlekum, ab faktiːr laːy laːj]
151;Je souhaite ouvrir un compte;OPEN_ACCOUNT;Dama bëgga ubbi ab kont.;[dama bëgːa ubːi ab kont]
152;Je souhaiterais ouvrir un compte;OPEN_ACCOUNT;Dama bëggoon ubbi ab kont.;[dama bëgːoːn ubːi ab kont]
153;Comment puis-je ouvrir un compte ?;OPEN_ACCOUNT;Naka laa mëna ubbee ab kont ?;[naka laː mëna ubːeː ab kont?]
154;Bonjour je veux ouvrir un nouveau compte;OPEN_ACCOUNT;Salaamaalekum. Dama bëgga ubbi ab kont bu bees.;[salaːmaːlekum. dama bëgːa ubːi ab kont bu beːs]
155;Quelles sont les étapes à suivre pour l'ouverture d'un compte ?;OPEN_ACCOUNT;Yan yoon lañuy topp ngir ubbi ab kont ?;[yan yoːn lañuy topː ngir ubːi ab kont?]
156;Je souhaiterais réserver une place pour Dakar;BUS_RESERVATION;Dama bëggoona jàpp palaas ngir dem Ndakaaru;[dama bëgːoːna jàpː palaːs ngir dem ndakaːru]
157;Je souhaiterais réserver une place pour Saint-louis;BUS_RESERVATION;Dama bëggoona jàpp palaas ngir dem Ndar.;[dama bëgːoːna jàpː palaːs ngir dem ndar]
158;Y a-t'il des places disponibles pour le bus du matin ?;BUS_RESERVATION;Ndax amna ay palaas yu des ci kaaru suba gi ?; [ndax amna ay palaːs yu des ci kaːru suba gi ?]
159;Y a-t'il des places disponibles pour le bus du soir ?;BUS_RESERVATION;Ndax amna ay palaas yu des ci kaaru ngoon gi ?;[ndax amna ay palaːs yu des ci kaːru ngoːn gi ?]
160;A combien s'élève le prix du ticket ?;BUS_RESERVATION;Paas bi ñaata la ?;[paːs bi ñaːta la ?]
161;Quand es-ce-que le bus du matin prend départ ?;BUS_RESERVATION;Kañ la kaaru suba gi di dem ?  ;[kañ la kaːru suba gi di dem ?]
162;Quand es-ce-que le bus du soir prend départ ?;BUS_RESERVATION;Kañ la kaaru ngoon gi di dem ?;[kañ la kaːru ngoːn gi di dem ?]
163;Je souhaite passer la visite technique de ma voiture;TECHNICAL_VISIT;Dama bëgga def sama wisit tekniku oto.;[dama bëgːa def sama wisit tekniku oto]
164;Le numéro de matricule de mon véhicule est DK1234AB;TECHNICAL_VISIT;Sama nimoro oto mooy DK 1234 AB.;[sama nimoro oto moːy DK 1234 AB]
165;Je voudrais effectuer un transfert;TRANSFER_MONEY;Dama bëgga def ab toxalu kooppar.;[dama bëgːa def ab toxalu kopːar]
166;Je souhaite envoyer de l'argent;TRANSFER_MONEY;Dama bëgga yóonee xaalis.;[dama bëgːa yoːneː xaːlis]
167;0;AMOUNT;dara;[dara]
168;1000;AMOUNT;Ñaari téemeer.;[ñaːri teːmeːr]
169;2000;AMOUNT;Ñeenti téemeer;[ñeːnti teːmeːr]
170;3000;AMOUNT;Juroom-benni téemeer.;[juroːm benːi teːmeːr]
171;4000;AMOUNT;Juroom-ñatti téemeer;[juruːm ñatːi teːmeːr]
172;5000;AMOUNT;Junni;[junːi]
173;6000;AMOUNT;Junni ak ñaari téemeer;[junːi ak ñaːri teːmeːr]
174;7000;AMOUNT;Junni ak ñeenti téemeer;[junːi ak ñeːti teːmeːr]
175;8000;AMOUNT;Junni ak juroom-benni téemeer;[junːi ak juroːm-benːi teːmeːr]
176;9000;AMOUNT;Junni ak juroom-ñatti téemeer;[junːi ak juroːm-ñatːi teːmeːr]
177;10000;AMOUNT;Ñaari junni;[ñaːri junːi]
178;20000;AMOUNT;Ñeenti junni;[ñeːnti junːi]
179;30000;AMOUNT;Juroom-benni junni;[juroːm-benːi junːi]
180;40000;AMOUNT;Juroom-ñatti junni;[juroːm-ñati junːi]
181;50000;AMOUNT;Fukki junni;[fukːi junːi]
182;60000;AMOUNT;Fukki junni ak ñaar;[fukːi junːi ak ñaːr]
183;70000;AMOUNT;Fukki junni ak ñeent;[fukːi junːi ak ñeːnt]
184;80000;AMOUNT;Fukki junni ak juroom-benn;[fukːi ɟjunːi ak juroːm-benː]
185;90000;AMOUNT;Fukki junni ak juroom-ñatt;[fukːi junːi ak juroːm-ñatː]
186;100000;AMOUNT;Ñaar-fukki junni;[ñaːr-fukːi junːi]